--
-- PostgreSQL database dump
--

-- Dumped from database version 11.4
-- Dumped by pg_dump version 11.4

SET statement_timeout = 0;
SET lock_timeout = 0;
SET idle_in_transaction_session_timeout = 0;
SET client_encoding = 'UTF8';
SET standard_conforming_strings = on;
SELECT pg_catalog.set_config('search_path', '', false);
SET check_function_bodies = false;
SET xmloption = content;
SET client_min_messages = warning;
SET row_security = off;

SET default_tablespace = '';

SET default_with_oids = false;

--
-- Name: ar_internal_metadata; Type: TABLE; Schema: public; Owner: taebum
--

CREATE TABLE public.ar_internal_metadata (
    key character varying NOT NULL,
    value character varying,
    created_at timestamp without time zone NOT NULL,
    updated_at timestamp without time zone NOT NULL
);


ALTER TABLE public.ar_internal_metadata OWNER TO taebum;

--
-- Name: products; Type: TABLE; Schema: public; Owner: taebum
--

CREATE TABLE public.products (
    id bigint NOT NULL,
    name character varying,
    cost integer,
    country_of_origin character varying,
    created_at timestamp without time zone NOT NULL,
    updated_at timestamp without time zone NOT NULL
);


ALTER TABLE public.products OWNER TO taebum;

--
-- Name: products_id_seq; Type: SEQUENCE; Schema: public; Owner: taebum
--

CREATE SEQUENCE public.products_id_seq
    START WITH 1
    INCREMENT BY 1
    NO MINVALUE
    NO MAXVALUE
    CACHE 1;


ALTER TABLE public.products_id_seq OWNER TO taebum;

--
-- Name: products_id_seq; Type: SEQUENCE OWNED BY; Schema: public; Owner: taebum
--

ALTER SEQUENCE public.products_id_seq OWNED BY public.products.id;


--
-- Name: reviews; Type: TABLE; Schema: public; Owner: taebum
--

CREATE TABLE public.reviews (
    id bigint NOT NULL,
    content_body character varying,
    rating integer,
    product_id integer,
    author character varying,
    created_at timestamp without time zone NOT NULL,
    updated_at timestamp without time zone NOT NULL
);


ALTER TABLE public.reviews OWNER TO taebum;

--
-- Name: reviews_id_seq; Type: SEQUENCE; Schema: public; Owner: taebum
--

CREATE SEQUENCE public.reviews_id_seq
    START WITH 1
    INCREMENT BY 1
    NO MINVALUE
    NO MAXVALUE
    CACHE 1;


ALTER TABLE public.reviews_id_seq OWNER TO taebum;

--
-- Name: reviews_id_seq; Type: SEQUENCE OWNED BY; Schema: public; Owner: taebum
--

ALTER SEQUENCE public.reviews_id_seq OWNED BY public.reviews.id;


--
-- Name: schema_migrations; Type: TABLE; Schema: public; Owner: taebum
--

CREATE TABLE public.schema_migrations (
    version character varying NOT NULL
);


ALTER TABLE public.schema_migrations OWNER TO taebum;

--
-- Name: products id; Type: DEFAULT; Schema: public; Owner: taebum
--

ALTER TABLE ONLY public.products ALTER COLUMN id SET DEFAULT nextval('public.products_id_seq'::regclass);


--
-- Name: reviews id; Type: DEFAULT; Schema: public; Owner: taebum
--

ALTER TABLE ONLY public.reviews ALTER COLUMN id SET DEFAULT nextval('public.reviews_id_seq'::regclass);


--
-- Data for Name: ar_internal_metadata; Type: TABLE DATA; Schema: public; Owner: taebum
--

COPY public.ar_internal_metadata (key, value, created_at, updated_at) FROM stdin;
environment	development	2019-08-09 15:57:08.07132	2019-08-09 15:57:08.07132
\.


--
-- Data for Name: products; Type: TABLE DATA; Schema: public; Owner: taebum
--

COPY public.products (id, name, cost, country_of_origin, created_at, updated_at) FROM stdin;
902	Barbecue Ribs	10	Czech Republic	2019-08-10 00:34:56.468311	2019-08-10 00:34:56.468311
903	Pasta Carbonara	14	Haiti	2019-08-10 00:34:56.47064	2019-08-10 00:34:56.47064
904	Caprese Salad	11	Equatorial Guinea	2019-08-10 00:34:56.472208	2019-08-10 00:34:56.472208
905	Arepas	10	Nepal	2019-08-10 00:34:56.475131	2019-08-10 00:34:56.475131
906	Sushi	15	Nigeria	2019-08-10 00:34:56.479621	2019-08-10 00:34:56.479621
907	Chicken Wings	17	Luxembourg	2019-08-10 00:34:56.48675	2019-08-10 00:34:56.48675
908	Pappardelle Alla Bolognese	10	Iran	2019-08-10 00:34:56.490977	2019-08-10 00:34:56.490977
909	Mushroom Risotto	11	Chile	2019-08-10 00:34:56.494757	2019-08-10 00:34:56.494757
910	Arepas	7	Slovakia (Slovak Republic)	2019-08-10 00:34:56.49741	2019-08-10 00:34:56.49741
911	Pierogi	19	Venezuela	2019-08-10 00:34:56.499769	2019-08-10 00:34:56.499769
912	Fettuccine Alfredo	14	Cyprus	2019-08-10 00:34:56.502461	2019-08-10 00:34:56.502461
913	Tuna Sashimi	13	Samoa	2019-08-10 00:34:56.504478	2019-08-10 00:34:56.504478
914	Pho	5	Congo	2019-08-10 00:34:56.51062	2019-08-10 00:34:56.51062
915	Pasta And Beans	11	Falkland Islands (Malvinas)	2019-08-10 00:34:56.514624	2019-08-10 00:34:56.514624
916	Philadelphia Maki	14	Sudan	2019-08-10 00:34:56.526161	2019-08-10 00:34:56.526161
917	Teriyaki Chicken Donburi	15	Anguilla	2019-08-10 00:34:56.527814	2019-08-10 00:34:56.527814
918	Chicken Milanese	10	Austria	2019-08-10 00:34:56.529185	2019-08-10 00:34:56.529185
919	Seafood Paella	9	Reunion	2019-08-10 00:34:56.530529	2019-08-10 00:34:56.530529
920	Pork Belly Buns	17	Italy	2019-08-10 00:34:56.532085	2019-08-10 00:34:56.532085
921	California Maki	13	Solomon Islands	2019-08-10 00:34:56.53345	2019-08-10 00:34:56.53345
922	Caesar Salad	7	Virgin Islands, British	2019-08-10 00:34:56.534859	2019-08-10 00:34:56.534859
923	Bruschette With Tomato	10	Brazil	2019-08-10 00:34:56.536208	2019-08-10 00:34:56.536208
924	Tacos	7	Malta	2019-08-10 00:34:56.537534	2019-08-10 00:34:56.537534
925	Fettuccine Alfredo	9	Cyprus	2019-08-10 00:34:56.538862	2019-08-10 00:34:56.538862
926	Fish And Chips	20	Papua New Guinea	2019-08-10 00:34:56.540136	2019-08-10 00:34:56.540136
927	Barbecue Ribs	18	Benin	2019-08-10 00:34:56.541465	2019-08-10 00:34:56.541465
928	Fish And Chips	20	Bermuda	2019-08-10 00:34:56.542806	2019-08-10 00:34:56.542806
929	Risotto With Seafood	11	Burkina Faso	2019-08-10 00:34:56.544136	2019-08-10 00:34:56.544136
930	Chicken Fajitas	20	Holy See (Vatican City State)	2019-08-10 00:34:56.545352	2019-08-10 00:34:56.545352
931	Meatballs With Sauce	11	Tokelau	2019-08-10 00:34:56.546712	2019-08-10 00:34:56.546712
932	Philadelphia Maki	5	Australia	2019-08-10 00:34:56.548074	2019-08-10 00:34:56.548074
933	Linguine With Clams	18	Guinea	2019-08-10 00:34:56.549575	2019-08-10 00:34:56.549575
934	Lasagne	9	Falkland Islands (Malvinas)	2019-08-10 00:34:56.550898	2019-08-10 00:34:56.550898
935	Chicken Parm	16	Bangladesh	2019-08-10 00:34:56.552215	2019-08-10 00:34:56.552215
936	Pasta And Beans	20	Cuba	2019-08-10 00:34:56.553551	2019-08-10 00:34:56.553551
937	Cheeseburger	7	Australia	2019-08-10 00:34:56.554849	2019-08-10 00:34:56.554849
938	Fish And Chips	19	Tunisia	2019-08-10 00:34:56.556147	2019-08-10 00:34:56.556147
939	Chicken Milanese	9	Switzerland	2019-08-10 00:34:56.557468	2019-08-10 00:34:56.557468
940	Pasta Carbonara	5	Armenia	2019-08-10 00:34:56.558792	2019-08-10 00:34:56.558792
941	Chicken Wings	12	Afghanistan	2019-08-10 00:34:56.56014	2019-08-10 00:34:56.56014
942	Chilli Con Carne	10	Uruguay	2019-08-10 00:34:56.561338	2019-08-10 00:34:56.561338
943	Massaman Curry	17	Macedonia	2019-08-10 00:34:56.562692	2019-08-10 00:34:56.562692
944	Pasta And Beans	18	British Indian Ocean Territory (Chagos Archipelago)	2019-08-10 00:34:56.564017	2019-08-10 00:34:56.564017
945	Pizza	5	Tuvalu	2019-08-10 00:34:56.565409	2019-08-10 00:34:56.565409
946	Salmon Nigiri	6	Algeria	2019-08-10 00:34:56.566754	2019-08-10 00:34:56.566754
947	Massaman Curry	17	Liberia	2019-08-10 00:34:56.568108	2019-08-10 00:34:56.568108
948	Poutine	10	Sierra Leone	2019-08-10 00:34:56.569407	2019-08-10 00:34:56.569407
949	Fettuccine Alfredo	8	Russian Federation	2019-08-10 00:34:56.570685	2019-08-10 00:34:56.570685
950	Stinky Tofu	10	Niue	2019-08-10 00:34:56.572134	2019-08-10 00:34:56.572134
951	Pork Sausage Roll	9	Ghana	2019-08-10 00:34:56.573502	2019-08-10 00:34:56.573502
\.


--
-- Data for Name: reviews; Type: TABLE DATA; Schema: public; Owner: taebum
--

COPY public.reviews (id, content_body, rating, product_id, author, created_at, updated_at) FROM stdin;
1751	Recusandae beatae quo. Labore commodi dolores. Il.	3	945	Beverley Kemmer	2019-08-10 00:34:56.594854	2019-08-10 00:34:56.594854
1752	Perspiciatis et inventore. Eum similique perferendis. Non maiores vel. Quo explicabo saepe. Voluptatem rem itaque. Eaque nobis voluptatem. Est enim molestiae. Sapiente atque occaecati. Dolor aut est. Architecto quaerat et. Totam d.	2	924	Daisey Simonis	2019-08-10 00:34:56.598543	2019-08-10 00:34:56.598543
1753	Ut ut qui. Consequatur placeat molestiae. Impedit enim at. Autem et blanditiis.	1	946	Mohammad Douglas PhD	2019-08-10 00:34:56.601649	2019-08-10 00:34:56.601649
1754	Debitis aut ex. Unde cum quibusdam. Fuga earum rerum. Debitis et dolor. Consequatur qui molestiae. Accusantium sapiente repellat. Ut ipsam iusto. Voluptatem adipisci voluptatem. Quibusdam rerum nemo. Eos consequatur tempore. Eaque assumenda nobis. A.	2	944	Cristina Lynch IV	2019-08-10 00:34:56.60476	2019-08-10 00:34:56.60476
1755	Inventore veniam odit. Tenetur est doloribus. Earum rerum officia. Et beatae possim.	1	920	Janice Dietrich	2019-08-10 00:34:56.607519	2019-08-10 00:34:56.607519
1756	Eius velit eveniet. Cumque eos debitis. Unde delectus perferendis. Officiis omnis numquam. Dolorem omnis sunt. Repell.	2	945	Sammy Waelchi	2019-08-10 00:34:56.610703	2019-08-10 00:34:56.610703
1757	Doloremque exercitationem molestiae. Aliquid fuga perferendis. Ut tempore porro. Ea voluptas rerum. Et dolor qui. Voluptas iste error. Quis temporibus in. Nihil quas fugit. Corrupti libero consequuntur. Quia quis officiis. O.	1	928	Mr. Rob Volkman	2019-08-10 00:34:56.615835	2019-08-10 00:34:56.615835
1758	Adipisci ducimus quam. Libero sunt cupiditate. Dolore fug.	5	921	Johnny McDermott II	2019-08-10 00:34:56.619963	2019-08-10 00:34:56.619963
1759	Blanditiis provident dolor. Incidunt quisquam doloribus. Aliquid sit perspiciatis. Alias molestias sit. Esse quo et. Et dolor ea. Quas n.	1	926	Marjorie Schimmel	2019-08-10 00:34:56.623806	2019-08-10 00:34:56.623806
1760	Occaecati voluptate quod. Doloribus quo placeat. Sunt molestiae alias. Sequi minus qui. Autem.	1	943	Iesha Jerde	2019-08-10 00:34:56.626762	2019-08-10 00:34:56.626762
1761	In placeat assumenda. Hic ex quis. Voluptates non sint. Perspiciatis accusamus magni. Provident officia perferendis. Tempore quae vel. Consequatur similique.	5	941	Shenita Wisozk	2019-08-10 00:34:56.629605	2019-08-10 00:34:56.629605
1762	Facilis harum labore. Fugit dolores fuga. Odit eos aut. Saepe possimus laudantium.	2	911	Mrs. Orville Rice	2019-08-10 00:34:56.632759	2019-08-10 00:34:56.632759
1763	Sit ut quibusdam. Autem explicabo id. Perferendis quos sed. Magni a face.	4	951	Woodrow West	2019-08-10 00:34:56.636107	2019-08-10 00:34:56.636107
1764	Cumque molestiae rem. Optio fuga voluptatibus. Maiores quia neque. Sed dicta autem. Nihil recusandae dolores. Rerum amet quia. A dolores et. Voluptas ab assumenda. Culpa eaque voluptatem. Itaque .	5	913	Jonathon Bogan	2019-08-10 00:34:56.639525	2019-08-10 00:34:56.639525
1765	Maxime deleniti consequatur. Voluptas odit quod. Re.	2	921	Chong Howe	2019-08-10 00:34:56.642469	2019-08-10 00:34:56.642469
1766	Blanditiis tempora repellat. Quia exercitationem illo. Dolor vero est. Deleniti natus quasi. Debitis animi ea. Voluptatem quis enim. Tempore possimus quia. Consequatur u.	1	917	Pearly Barton	2019-08-10 00:34:56.6453	2019-08-10 00:34:56.6453
1767	Quis aut laboriosam. Dicta sint ab. Perferendis cum ducimus. Vitae ipsum rerum. Officiis consequatur reiciendis. Veritatis dolo.	2	941	Carlyn Sipes	2019-08-10 00:34:56.64817	2019-08-10 00:34:56.64817
1768	Fugiat aut neque. Quidem id voluptatibus. Rerum sapiente aut. Quidem voluptatum suscipit. Omnis est culpa. Dolore molestias nesciunt. Deserunt esse qui. Aut perferendis et. .	4	937	Fabian Deckow	2019-08-10 00:34:56.651381	2019-08-10 00:34:56.651381
1769	Et aspernatur dicta. Omnis aut earum. Fuga facilis optio. Quia mollitia enim. Maiores soluta ea. At neque placeat. Quae architecto facere. Et ab .	3	913	Evelyn Schowalter	2019-08-10 00:34:56.654132	2019-08-10 00:34:56.654132
1770	Hic qui assumenda. Odit dolor quisquam. Non possimus consequatur. Ad neque qui. Veniam numquam voluptate. Earum perferendis soluta. Id voluptates temporibus. Eos voluptatibus ratione. Repudiandae in quo. Quis et sit. In tenetur ducimus. Ut aperia.	2	922	Jerrold Turcotte	2019-08-10 00:34:56.657032	2019-08-10 00:34:56.657032
1771	Tenetur mollitia repellendus. Corrupti est nostrum. Id ut magni. Blanditiis provident quia. Veniam et libero..	1	939	Caleb Crooks DDS	2019-08-10 00:34:56.659948	2019-08-10 00:34:56.659948
1772	Nobis qui qui. Voluptas beatae aut. Quibusdam perspiciatis consequatur. Voluptates nemo doloremque. Dolo.	5	902	Roger Howell PhD	2019-08-10 00:34:56.662796	2019-08-10 00:34:56.662796
1773	Consequuntur quod sed. Voluptates aliquid placeat. Cumque impedit sit. Quo ipsam qui. Voluptas delectus qui. Inventore temporibus sed. Explicabo repudiandae praesentium. Nihil qui unde. Corrupti doloribus et. Numquam perspiciatis ea. Voluptates r.	5	941	Calvin Krajcik	2019-08-10 00:34:56.665838	2019-08-10 00:34:56.665838
1774	Recusandae quis optio. Rerum fuga perferendis. Magnam omnis quia. Corrupti facere aperiam. Sint quod rerum. Sint et saepe. Doloremque aut nisi. Suscipit et quia. Beatae sit.	4	904	Arcelia Bechtelar	2019-08-10 00:34:56.668664	2019-08-10 00:34:56.668664
1775	Voluptatem architecto veniam. Vel id corporis. Sequi sunt illo. Quaerat repellendus eum. Ea ea sed. Consequatur ratione voluptatem. Omnis minus ipsam. Assumenda odio quia. Amet .	4	920	Sidney Thompson	2019-08-10 00:34:56.671399	2019-08-10 00:34:56.671399
1776	Nihil quis mollitia. Harum et ab. Beatae error exercitationem. Vel m.	2	935	Roy Schamberger	2019-08-10 00:34:56.674153	2019-08-10 00:34:56.674153
1777	Repellat ex ut. Aut sapiente nemo. Odio sit consectetur. Rerum voluptas consequatur. Corrupti maxime quaerat. Tempora quis culpa. Fuga nobis ea. Accusamu.	2	944	Larraine Okuneva II	2019-08-10 00:34:56.676876	2019-08-10 00:34:56.676876
1778	Et illum quo. Quidem voluptas id. Voluptate molestias quidem. Voluptate ea quis. Voluptas aut accusantium. Laborio.	3	945	Cherie Gutkowski Jr.	2019-08-10 00:34:56.679598	2019-08-10 00:34:56.679598
1779	Accusamus corrupti amet. Rem at rerum. Eos dolor .	4	934	Mrs. Luci Kuhic	2019-08-10 00:34:56.683469	2019-08-10 00:34:56.683469
1780	Ipsum modi quae. Error voluptates maiores. Exercitationem quis quo. Aut ut unde. Asperiores quasi eligen.	4	915	Daina Mann	2019-08-10 00:34:56.68631	2019-08-10 00:34:56.68631
1781	Exercitationem error repellendus. Et reiciendis voluptatem. Voluptas deleniti id. Quia debitis in. Dolorum .	2	921	Delmer Torphy II	2019-08-10 00:34:56.68903	2019-08-10 00:34:56.68903
1782	Voluptates sit recusandae. Voluptatem autem libero. Est consectetur qui. Et eaque fugit. Ipsa soluta ullam. Id odit sint. Est nemo perspiciatis. Mollitia eos iste. Non et officia. Eum laudantium repellat. Dolor inventore expedita. Qui aliquam cumque.	1	935	Ms. Tod Ondricka	2019-08-10 00:34:56.691958	2019-08-10 00:34:56.691958
1783	Voluptatum optio ut. Totam minima mollitia. Quia recusandae ea. Eum quam aut. Quis iure.	5	908	Edmond Dietrich	2019-08-10 00:34:56.694695	2019-08-10 00:34:56.694695
1784	Voluptas delectus pariatur. Possimus voluptatem et..	4	949	Dr. Judson Sanford	2019-08-10 00:34:56.697329	2019-08-10 00:34:56.697329
1785	Et qui adipisci. Sed amet aut. Sunt ut omnis. Sequi similique laboriosam. Atque eius ducimus. Et facere rerum.	4	942	Ching Sporer	2019-08-10 00:34:56.700159	2019-08-10 00:34:56.700159
1786	Facere voluptatibus praesentium. Nobis amet ipsam. Sed ea molestias. Accusantium dolorem blanditiis. Maiores temporibus at. Hic voluptates perferendis. Nulla minus id. Quas ut labore. Sunt debitis porro. Natus enim volupt.	4	947	Roscoe Parisian	2019-08-10 00:34:56.703101	2019-08-10 00:34:56.703101
1787	Eos voluptatem hic. Ut ut tenetur. Corporis quibusdam dolor. Et corrupti consectetu.	3	912	Chasity Hansen	2019-08-10 00:34:56.705792	2019-08-10 00:34:56.705792
1788	Et dolores veritatis. Qui nobis et. Non et rerum. Eveniet consequuntur consequatur. Ad recusandae velit. Unde ipsa ut. Corporis aliquam sint. Dolorem sapiente in. Sapiente minima cumque. Optio saepe reprehenderit. Omnis d.	2	903	Louella Hammes	2019-08-10 00:34:56.708667	2019-08-10 00:34:56.708667
1789	Et molestiae quasi. Magni nulla sint. Dolores provident maiores. Ad odit repellendus. Dolorum dolore doloribus. Atque consequatur porro. Quis sed accusantium. Consequatur praesentium vitae. Consequatur officia sit. N.	4	913	Miesha Pfannerstill	2019-08-10 00:34:56.711712	2019-08-10 00:34:56.711712
1790	Porro dolor quasi. Est ut ut. Non possimus et. Ut est minima. Debitis fugit recusandae. Eos officiis .	2	910	Miss Lanell Batz	2019-08-10 00:34:56.714454	2019-08-10 00:34:56.714454
1791	Nesciunt temporibus non. Ipsa ab eaque. Vel itaque sit. Quis consequatur rem. Delectus voluptates quasi. Accusamus dicta architecto. Odio nam quis. .	5	938	Jamika Paucek MD	2019-08-10 00:34:56.717525	2019-08-10 00:34:56.717525
1792	Quas similique consequatur. Laudantium adipisci et. Adipisci porro s.	5	908	Loren Jones III	2019-08-10 00:34:56.720369	2019-08-10 00:34:56.720369
1793	Facilis necessitatibus nostrum. Minus rerum illo. Maxime nemo odit.	1	911	Ms. Rubye Ritchie	2019-08-10 00:34:56.722916	2019-08-10 00:34:56.722916
1794	Eius repellat explicabo. Expedita deserunt amet. Numquam est est. Facilis temporibus architecto. Saepe quibusdam eos. Id atque ut. Ea illo cumque. Placeat minima accusantium. Autem illo rati.	2	935	Dannie Wolff	2019-08-10 00:34:56.726251	2019-08-10 00:34:56.726251
1795	Laudantium voluptatum facilis. Suscipit cum eligendi. Neque itaque ipsa. Est placeat itaque. Delectus velit modi. Optio incidunt explicabo. Qui molestiae accusantium. Voluptate sed est. Accusamus nobis repellendus. Quas volup.	5	923	Eduardo Carroll IV	2019-08-10 00:34:56.729599	2019-08-10 00:34:56.729599
1796	Quo nam qui. Voluptatem itaque assumenda. Sed quia maiores. Eos earum vel. A sed ipsam. Officia ut ab. Suscipi.	1	933	Jong Kertzmann	2019-08-10 00:34:56.732678	2019-08-10 00:34:56.732678
1797	Et ullam et. Eveniet alias rerum. Consequuntur cupiditate aspernatur. N.	1	925	Marquita Crona	2019-08-10 00:34:56.735461	2019-08-10 00:34:56.735461
1798	Dignissimos eaque blanditiis. Dicta fugiat consequuntur. Id incidunt molestias. Voluptas qui aut. Esse soluta eveniet. Et sunt autem. Sed sin.	1	921	Mervin Reichel	2019-08-10 00:34:56.738259	2019-08-10 00:34:56.738259
1799	Quia mollitia nulla. Reiciendis accusantium doloremque. Quasi qui explicabo. Voluptas assumenda reiciendis. Ut et omnis. Est quo quod. Doloribus ut sint. Ab dolor molestiae. Sed quisquam eum. Quia quidem laborum. Quo qui nam. Quo sit quos..	2	940	Thurman Mann	2019-08-10 00:34:56.741229	2019-08-10 00:34:56.741229
1800	Vero qui eum. Ipsam et reiciendis. Ut animi qui. Unde voluptate a. Eius iusto eum. Architecto vel nam. Ea volupta.	5	923	Nannie Herzog	2019-08-10 00:34:56.744058	2019-08-10 00:34:56.744058
1801	Nisi adipisci eligendi. Repellat quia nihil. Consectetur in corporis. Aliquam ad adipisci. Aperiam fug.	1	916	Ms. Korey Jerde	2019-08-10 00:34:56.746658	2019-08-10 00:34:56.746658
1802	Sapiente ipsa maiores. Exercitationem quae consequuntur. Possimus quaerat est. In officiis id. Qui voluptas aut. Quod et eveniet. Doloremque reprehenderit sit. Quae quaerat et. Et explicabo eum. Quia qui iure. Si.	1	940	Darin Mosciski	2019-08-10 00:34:56.749789	2019-08-10 00:34:56.749789
1803	Deserunt repellat optio. Nemo ullam possimus. Quidem possimus commodi. Et eos laborum. Tenetur delectus quidem. Dolor non iusto. Si.	3	941	Palmira Bins	2019-08-10 00:34:56.752816	2019-08-10 00:34:56.752816
1804	Enim culpa sunt. Qui nisi eligendi. Et eos fuga. Laudantium sit autem. Aut ipsum in. Autem magni natus. Alias quos exercitationem..	4	923	Torie Grady	2019-08-10 00:34:56.755589	2019-08-10 00:34:56.755589
1805	Ab ut sunt. Sunt nihil quos. Cum veniam in. Esse et blanditiis. Voluptatem molestiae dicta. Praesentium repella.	1	934	Miss Joannie Trantow	2019-08-10 00:34:56.758345	2019-08-10 00:34:56.758345
1806	Soluta eum incidunt. Nostrum possimus maiores. Et facilis harum. Deserunt qui molestias. Dolores ut sint. Doloremque itaque molestias. Al.	3	939	Sal Dickens	2019-08-10 00:34:56.761146	2019-08-10 00:34:56.761146
1807	Voluptatem sed provident. Voluptas rem est. Ea non sint. Mollitia est voluptas. Praesentium cum sit. Aspernatur quia perferendis. Neque quam temporibus. Eum dicta ut. Assumenda atqu.	2	916	Mrs. Guy Bernier	2019-08-10 00:34:56.764081	2019-08-10 00:34:56.764081
1808	Omnis dolorum minus. Ex inventore asperiores. Arc.	1	939	Scott Dickinson	2019-08-10 00:34:56.767184	2019-08-10 00:34:56.767184
1809	A quo facilis. Aut qui facere. Odio quae et. Veniam tempora dolores. Nostrum dicta saepe. Non ipsum quod. Et consequatur dolores. Ducimus et rem. Aperiam voluptas dolores. D.	1	926	Miss Lincoln Tromp	2019-08-10 00:34:56.770395	2019-08-10 00:34:56.770395
1810	Eius aspernatur distinctio. Odio possimus voluptatem. Debitis illum iure. Velit et officiis. Nam inventore iste. Aut et aut. Odio ab cumque. Est commodi omnis. Doloribus aliquid unde. Sunt quis rerum. Perferendis aperia.	2	936	Nanci Schuster	2019-08-10 00:34:56.773659	2019-08-10 00:34:56.773659
1811	Et dolorem et. Aspernatur quae nisi. At amet sed. Alias est et. Ut beatae quisquam. Molestiae beatae id. A corrupti accusamus. Harum debit.	1	937	Dallas Heathcote	2019-08-10 00:34:56.777172	2019-08-10 00:34:56.777172
1812	Dicta voluptatem ut. Autem impedit non. Placeat maxime vel. Eum suscipit eaque. Commodi ut qu.	4	932	Gus Bode DDS	2019-08-10 00:34:56.780178	2019-08-10 00:34:56.780178
1813	Quo rem amet. Quibusdam libero et. Qui nesciunt delectus. Nam aperiam incidunt. Consequatur voluptatem.	1	907	Dr. Celina Lebsack	2019-08-10 00:34:56.783539	2019-08-10 00:34:56.783539
1814	Iure repellendus recusandae. Aspernatur nihil aut. Quo iste omnis. Delectus architecto est. Evenie.	4	935	Ernesto Romaguera	2019-08-10 00:34:56.786364	2019-08-10 00:34:56.786364
1815	Voluptatibus asperiores accusantium. Et est perspiciatis. Quas non quia. Incidunt .	3	903	Mrs. Harrison Ritchie	2019-08-10 00:34:56.789127	2019-08-10 00:34:56.789127
1816	Earum non sit. Possimus nobis cupiditate. Recusandae magni veritatis. Blanditiis inventore quis. Libero exercitationem accusamus. Vel p.	3	947	Mr. Corrie Ernser	2019-08-10 00:34:56.791879	2019-08-10 00:34:56.791879
1817	Sed culpa pariatur. Nihil modi nisi. Rerum rerum suscipit. Sit esse id. Voluptates necessitatibus eaque. Exercitationem corrupti ipsum. Aut non aliquam. Co.	3	924	Mr. Ja Hartmann	2019-08-10 00:34:56.7948	2019-08-10 00:34:56.7948
1818	Quia odio voluptates. Sequi sunt vel. Rerum pariatur mi.	4	949	Sunny Schumm	2019-08-10 00:34:56.797526	2019-08-10 00:34:56.797526
1819	Quis nam et. Rerum et laborum. Dicta et quia. Ex rerum aliquid. Sit autem voluptatem. Eligendi consequatur sint. At nesciunt veritatis. Ea illum velit. Dolores odit in. Molestias distinctio dicta. Quia tempora velit. Accusantium quos aperiam.	4	914	Jon Hoppe	2019-08-10 00:34:56.800535	2019-08-10 00:34:56.800535
1820	Quidem repellat quasi. Velit voluptas itaque. Et laboriosam delectus. Magni consequatur laboriosam. Nesciunt dolorem minima. Dolorem est ab. Aspernatur doloremque velit. Velit quia dolorem. Aut vel cumque. Aut qui voluptates. Harum aut quis..	1	922	Christia Durgan IV	2019-08-10 00:34:56.803527	2019-08-10 00:34:56.803527
1821	Suscipit aut at. Deleniti voluptatem eos. Qui aliquid voluptas. Reiciendis dolores praesentium. Eos facere commodi. Pariatur sapiente in. Et maiores asperiores. Qui libero id. Sit .	2	951	Mr. Marline Reichel	2019-08-10 00:34:56.806392	2019-08-10 00:34:56.806392
1822	Molestiae velit ipsam. Eos sunt illum. Aliquam nes.	5	943	Roseanna Hyatt	2019-08-10 00:34:56.809362	2019-08-10 00:34:56.809362
1893	Iure laborum dolorum. Ea assumenda quidem. Vitae quis accusantium. Maiores eos praesentium. A consequatur molestiae. Quia consequatur eum. Eos dolorem ab. Temporibus illo eos. .	4	940	Elsa Armstrong	2019-08-10 00:34:57.020089	2019-08-10 00:34:57.020089
1823	Incidunt eligendi eum. Ipsam harum magni. Velit tempora repudiandae. Accusamus consequuntur labore. Officia omnis est. Laboriosam accusamus enim. Et voluptas dolores. Sunt ratione dicta. Ad hic vitae. Ut impedit.	4	934	Ellena Fay	2019-08-10 00:34:56.812393	2019-08-10 00:34:56.812393
1824	Facilis qui ipsum. Est repudiandae nisi. Velit nisi minus. Enim nihil sed. Voluptatem atque sed. Ipsa quidem voluptat.	4	950	Napoleon Bins IV	2019-08-10 00:34:56.815396	2019-08-10 00:34:56.815396
1825	Aperiam libero vel. Consectetur rerum molestias. Qui asperiores vol.	4	912	Ms. Demarcus Renner	2019-08-10 00:34:56.81814	2019-08-10 00:34:56.81814
1826	Tempore voluptatem quidem. Numquam omnis vero. Voluptas iure nostrum. Qui autem est. Sunt tempore commodi. Quo illum dolor. Atque ut vitae. Velit nesciunt corrupti. Quae illo pariatur. Ducimus voluptatem non. Sapiente i.	4	903	Eddy Lebsack	2019-08-10 00:34:56.821141	2019-08-10 00:34:56.821141
1827	Omnis dolorum placeat. Aspernatur cumque laudantium. Nulla quae est. Dignissimos vitae in. E.	5	945	Madison Pollich	2019-08-10 00:34:56.824061	2019-08-10 00:34:56.824061
1828	Tempora laborum qui. Aut repellat et. Et fugit similique. Excepturi accusantium iure. Sit velit esse. Atque perspiciatis sit. Sint nihil veniam. Eaque libero quis. Adipisci voluptatum voluptates. Cons.	2	947	Julian Yost	2019-08-10 00:34:56.827306	2019-08-10 00:34:56.827306
1829	Qui enim distinctio. Eaque aliquam quis. Et veniam quidem. Est omnis explicabo. Qui quia corrupti. Laborum et voluptates. Explicabo veritatis voluptatum. Distinctio ducimus quis. Animi quas maiores. Adipisci voluptates non.	5	903	Carmine Walker	2019-08-10 00:34:56.830233	2019-08-10 00:34:56.830233
1830	Recusandae excepturi consequatur. Culpa nobis officiis. Aut deserunt repellendus. Sed officia quisquam. Iste omnis explicabo. Nihil mollitia officiis. Et hic incidunt. Tempore amet autem. Porro id archite.	1	918	Miss Jermaine Prosacco	2019-08-10 00:34:56.83304	2019-08-10 00:34:56.83304
1831	Et cum officiis. Molestiae pariatur sed. Ullam eligendi aut. Excepturi quis.	1	917	Dr. Audria Luettgen	2019-08-10 00:34:56.835932	2019-08-10 00:34:56.835932
1832	Nisi dolore ut. Nihil ut odit. Atque a cumque. Deleniti rerum quae. Ea mol.	5	941	Abraham Beatty	2019-08-10 00:34:56.838752	2019-08-10 00:34:56.838752
1833	Ipsam est ut. Aliquam quaerat autem. Ipsam expedita iure. Dolore minima quis. Dolores qui a. D.	1	947	Cesar Franecki	2019-08-10 00:34:56.841406	2019-08-10 00:34:56.841406
1834	Quas expedita dolor. Non asperiores dolores. Quia laboriosam reiciendis. Voluptas nostrum assumenda. Quia ea velit. Delectus sed aliquam. Fuga repellendus occaecati. Necessitatibus odio libero. Est et nihil. Qui velit dolorum. Itaque voluptat.	5	921	Rhiannon Abbott	2019-08-10 00:34:56.844325	2019-08-10 00:34:56.844325
1835	Sit omnis est. Non aut rerum. Velit in placeat. Cupiditate similique id. Culpa dolorum .	3	927	Yuko Hayes	2019-08-10 00:34:56.847022	2019-08-10 00:34:56.847022
1836	Facilis nobis rerum. Cum rerum sed. Neque quam rati.	1	927	Travis Conroy	2019-08-10 00:34:56.849925	2019-08-10 00:34:56.849925
1837	Aliquid odit et. A molestiae dolorem. Maiores nostrum amet. Assumenda sit est. Voluptas q.	1	942	Mr. Fausto Mitchell	2019-08-10 00:34:56.852719	2019-08-10 00:34:56.852719
1838	Dolor cumque culpa. Hic quidem omnis. Tempora delectus cumque. E.	2	937	Mrs. Zachery Doyle	2019-08-10 00:34:56.855534	2019-08-10 00:34:56.855534
1839	Est amet saepe. Non voluptas similique. Ullam architecto maiores. Expedita et autem. Doloribus dolorum cumque. Quaerat dolorem eligendi. Voluptatum vel praesentium. Enim quisquam dicta. Quos quo velit. Qui.	4	922	Sung Prosacco	2019-08-10 00:34:56.858522	2019-08-10 00:34:56.858522
1840	Mollitia atque aut. Qui ipsa corrupti. Enim libero ut. Deserunt veritatis adipisci. Eaque facere error. Quia sit ab. Nobis praesentium ipsa. Harum est doloremque. Vero amet ad. Suscipit optio.	2	937	Charlie Howe	2019-08-10 00:34:56.873408	2019-08-10 00:34:56.873408
1841	Earum sed possimus. Sunt sed modi. Autem quos est. Qui saepe voluptatem. Fug.	4	933	Marty Davis I	2019-08-10 00:34:56.876247	2019-08-10 00:34:56.876247
1842	Vel suscipit ea. Saepe aliquam harum. Voluptas asperiores dolores. Tempore molestiae quibusdam. Est eos consequatur. Quo nobis assumenda. Eum ea .	5	950	Phuong Toy	2019-08-10 00:34:56.879193	2019-08-10 00:34:56.879193
1843	Excepturi eos velit. Eveniet rem enim. Omnis veniam quisquam. Ad vel m.	1	937	Aldo Kub	2019-08-10 00:34:56.882124	2019-08-10 00:34:56.882124
1844	Aliquam alias asperiores. Repellat voluptate qui. Facere autem accusamus. Et repellat id. Eos impedit pariatur. Voluptas fugiat aliquid. Tempora placeat sed. Numquam mi.	4	927	Darryl Botsford	2019-08-10 00:34:56.884972	2019-08-10 00:34:56.884972
1845	Minus rerum accusantium. Eius dolores quis. Minus magnam ratione. Officiis ut expedita. Earum archit.	3	935	Carita Carroll V	2019-08-10 00:34:56.887601	2019-08-10 00:34:56.887601
1846	Maiores iusto ut. Iusto ipsum maiores. Et assumenda qui. Culpa ut qui. Accusantium id earum. Suscipit et id. Reiciendis explicabo ea. Maxime provident eni.	1	944	Josiah Rempel	2019-08-10 00:34:56.89032	2019-08-10 00:34:56.89032
1847	Rerum eos natus. Officia sit consequatur. Itaque impedit rerum. Minima unde nemo. Architecto sequi aliquam. Et vel ipsam. Officia facilis quisquam.	5	944	Keith O'Hara	2019-08-10 00:34:56.893045	2019-08-10 00:34:56.893045
1848	Eos consequatur quia. Cum qui enim. Doloribus quos aut. Quisquam porro sit. Ipsum amet officia. Adipisci beatae corrupti. Magnam ut c.	3	928	Natosha Koch	2019-08-10 00:34:56.895705	2019-08-10 00:34:56.895705
1849	Error at omnis. Nulla aspernatur asperiores. Repellat neque et. Quibusdam laudantium rem. Laboriosam alias recusandae. Officia fugiat occaecati. Atque repellendus quis. Sequi et ipsam. Ipsa aperiam quos.	2	903	Mrs. Pearly Boyle	2019-08-10 00:34:56.898284	2019-08-10 00:34:56.898284
1850	Enim officia expedita. Nesciunt neque ut. Dolorem est maxime. Et eos labore. Assumenda aut nulla. Laudantium fuga quis. Voluptas omnis nihil. Quo officiis earum. Rerum aut quis. Ipsam commodi ut. Accusantium perferendis et. Aut minus facere. Lau.	2	944	Tameika Morar	2019-08-10 00:34:56.901113	2019-08-10 00:34:56.901113
1851	Fugit reiciendis hic. Laborum natus minima. Optio qui consequatur. Quia magni omnis. Dicta sapiente quia. At eos a.	5	921	Ed Kohler	2019-08-10 00:34:56.903703	2019-08-10 00:34:56.903703
1852	Temporibus ut est. Et iste iusto. Debitis quaerat non. Culpa sed ipsam. Eaque odit voluptatem. Assumend.	5	926	Donald Mitchell	2019-08-10 00:34:56.906134	2019-08-10 00:34:56.906134
1853	Quia quo ad. Possimus qui accusantium. Qui corrupti rerum. Qui iusto ab. Corporis esse nobis. Molestiae fugiat voluptatibus. Provident voluptas temporibus. Mollitia ut dignissimos. Ea.	5	937	Katheryn Becker	2019-08-10 00:34:56.908768	2019-08-10 00:34:56.908768
1854	Tenetur unde illo. Repellat dolorem cumque. Nihil odio omnis. Inventore voluptat.	2	944	Lionel DuBuque	2019-08-10 00:34:56.9112	2019-08-10 00:34:56.9112
1855	Voluptatem maxime tenetur. Molestiae facilis reprehenderit. Provident autem ut. Nisi occaecati quae. Vero quis ullam. Atque perferendis consectetur. Ra.	5	949	Felton Lindgren	2019-08-10 00:34:56.91402	2019-08-10 00:34:56.91402
1856	Est tenetur et. Voluptas quis in. Porro fuga et. Quaerat placeat voluptatem. Et corporis saepe. S.	3	915	Darwin Von	2019-08-10 00:34:56.916872	2019-08-10 00:34:56.916872
1857	Eveniet quis quibusdam. Sed officia consequatur. Aspernatur est et. Numquam aut ut. Officiis asperiores aut. Ea impedit et. Quod quia quas. Ut quis recusandae. Ut harum maiores. Nesciunt qui sequi. Qui ducimus quia. Qui v.	1	947	Carina Grady I	2019-08-10 00:34:56.920038	2019-08-10 00:34:56.920038
1858	Reprehenderit distinctio ut. Ut libero aspernatur. Sed sequi architecto. Et consequatur impedit. Deserunt quos nobis. Inventore veritatis vol.	1	911	Vernia Walter	2019-08-10 00:34:56.922984	2019-08-10 00:34:56.922984
1859	Et ut animi. Est quasi eos. Officiis rerum et. Fugiat et ducimus. Voluptas accusantium aliquam. Distinctio inventore cumque. Molestiae qui consequatur. Tempore cupiditate sit. Recusandae n.	5	935	Mitsue Rau DDS	2019-08-10 00:34:56.925909	2019-08-10 00:34:56.925909
1860	Blanditiis odio qui. Eaque corporis voluptatum. Dolor libero dolorum. Ipsa ea numquam. Odit consequatur voluptas. Soluta laudantium voluptas. Repellendus voluptas et. Eius impedit non. Nihil cupiditate reiciendis. Pla.	3	939	Eric Friesen	2019-08-10 00:34:56.928893	2019-08-10 00:34:56.928893
1861	Est et quos. Aut quia reiciendis. Aspernatur consectetur cons.	4	922	Tessie Rowe	2019-08-10 00:34:56.931688	2019-08-10 00:34:56.931688
1862	Voluptate aut non. Natus ipsa consequatur. Harum necessitatibus voluptatem. Delectus et eu.	2	910	Sabine Schulist	2019-08-10 00:34:56.934428	2019-08-10 00:34:56.934428
1863	Animi reprehenderit qui. Suscipit unde delectus. Corporis excepturi sequi. Sed fugit dolores. Pariatur tenetur quidem. Perferendis reiciendis dolore. Quo in voluptatem. Voluptatum quo optio. Explicabo dolorum .	4	930	Lyman Sawayn	2019-08-10 00:34:56.937037	2019-08-10 00:34:56.937037
1864	Natus ex perspiciatis. Earum nostrum corporis. Molestiae provident voluptatem. Facere qui a.	2	945	Maynard Schowalter I	2019-08-10 00:34:56.939632	2019-08-10 00:34:56.939632
1865	Doloremque eum neque. Cumque vel est. Culpa voluptas re.	4	935	Donnie Smitham	2019-08-10 00:34:56.942013	2019-08-10 00:34:56.942013
1866	Eum esse tenetur. Qui a culpa. Distinctio illum aut. Magni repudiandae occaecati. Iusto voluptatem amet. Praesent.	4	919	Bruce Weimann	2019-08-10 00:34:56.944879	2019-08-10 00:34:56.944879
1867	Modi sunt aspernatur. Harum consequuntur et. Dicta qui sunt. Inventore voluptatibus aut. Sed sit quod. Pariatur dolor quia. Et iure quaerat. Aut maxime iste. Voluptatem architecto magnam. Est assumenda quo. N.	5	905	Mrs. Giuseppe Funk	2019-08-10 00:34:56.948035	2019-08-10 00:34:56.948035
1868	Consequatur ducimus ea. Sunt sequi sed. Veritatis laboriosam amet. Et cumque et. Blanditiis cum expedita. Corporis molestiae molestias. Aut repellen.	2	943	Roosevelt Hermann	2019-08-10 00:34:56.951106	2019-08-10 00:34:56.951106
1869	Fugiat aut sed. Illum dolorem a. Incidunt quos id. Odio sed nihil. Quae sed maiores. Et veritatis eum. Rerum voluptas voluptates. Amet repudiandae enim. Iste minima pr.	4	950	Allen Hansen	2019-08-10 00:34:56.953906	2019-08-10 00:34:56.953906
1870	Natus ab ut. Velit delectus necessitatibus. Eveniet error ipsa. Provident quo magni. Eum culpa et. Similique aut sint. Cumque et nostrum. Fugiat voluptatum corporis. Magnam autem dolorum. Ab aut illo. Repudiandae et maiores. Dolorum nem.	5	934	Gayle White	2019-08-10 00:34:56.956605	2019-08-10 00:34:56.956605
1871	Quidem autem veritatis. Consequuntur eum ad. Atque eius pariatur. Rem excepturi atque. Quasi voluptates e.	1	951	Robena Anderson	2019-08-10 00:34:56.959013	2019-08-10 00:34:56.959013
1872	Voluptatem neque assumenda. Inventore rerum nihil. Consequatur qui repudiandae. Et quae eos. Eligendi fuga quod. Quod quia accusantium. Libero molestiae a. Asperiores aut sit..	5	925	Lino Gorczany	2019-08-10 00:34:56.961634	2019-08-10 00:34:56.961634
1873	Est sunt veritatis. Aut quasi nihil. Veritatis quasi voluptas. Dolorem accusamus velit. Rerum aut pariatur. Sed voluptatum harum. Reiciendis minus incidunt. Beatae eligendi sit. Quisquam neces.	2	909	Ismael Lueilwitz	2019-08-10 00:34:56.964355	2019-08-10 00:34:56.964355
1874	Similique sequi velit. Dolor velit nemo. Voluptate pariatur possimus. Qui quo et. Explicabo tempore.	1	908	Gino Renner	2019-08-10 00:34:56.967342	2019-08-10 00:34:56.967342
1875	Non et molestiae. Rerum amet et. Et est ut. Doloremque occaecati id. Qui eos et. Unde adipisci a. Quasi aut dolor. Repellat fugiat temporibus. Numquam quia .	5	904	Wilton Botsford	2019-08-10 00:34:56.97025	2019-08-10 00:34:56.97025
1876	Alias odit porro. Eveniet facere voluptates. Sed et quia. Reprehenderit est sequi. Quia eos iste. .	1	949	Vallie Botsford	2019-08-10 00:34:56.973053	2019-08-10 00:34:56.973053
1877	Fugiat et iure. Repellat voluptates sit. Unde earum et. Iste possimus et. Hic repellat omnis. Voluptatem ducimus aliquid. Itaque aut quia. Deleniti aut ipsa. Sunt perferendis quasi. Eum .	1	924	Hilma Ondricka	2019-08-10 00:34:56.975731	2019-08-10 00:34:56.975731
1878	Praesentium dignissimos itaque. Non necessitatibus consequatur. Sed aspe.	1	906	Mrs. Haywood Luettgen	2019-08-10 00:34:56.97821	2019-08-10 00:34:56.97821
1879	Accusamus et numquam. Fuga id est. Aliquid quam sint. Sequi voluptates iste. Sint qui nihil. Doloribus iusto quae. Dolo.	3	903	Melvin Lynch II	2019-08-10 00:34:56.980909	2019-08-10 00:34:56.980909
1880	Quis dolores officiis. Et sit id. Ducimus quibusdam aspernatur. Quia autem quod. Aut porro magni. Qui velit odio. Quas velit sit. Aut sed saepe. Magnam enim et. Rerum et et. Quis omni.	2	906	Gigi Mohr	2019-08-10 00:34:56.983857	2019-08-10 00:34:56.983857
1881	Eum excepturi nesciunt. Commodi nemo occaecati. Maiores officiis nobis. Delectus consequatur et. Qui fugit nisi. Enim facilis quaerat. Voluptas eos magnam. Possimus id cumque. Aut veniam iure. Ut eligendi a. Quod earum num.	3	931	Roselyn Mante	2019-08-10 00:34:56.986541	2019-08-10 00:34:56.986541
1882	Consequatur eos nesciunt. Et rem adipisci. Non non tenetur. Corrupti vel laudantium. Delectus fugit unde. Maiores voluptates il.	3	911	Dr. Raelene Schaefer	2019-08-10 00:34:56.989085	2019-08-10 00:34:56.989085
1883	Qui dolore maiores. Sit ab magni. Vel perferendis aut. Eius molestiae perspiciatis. Et odi.	2	940	Carly Ondricka	2019-08-10 00:34:56.991622	2019-08-10 00:34:56.991622
1884	Delectus ea unde. Qui atque laboriosam. Sed molestias sa.	4	919	Carol Ondricka	2019-08-10 00:34:56.994352	2019-08-10 00:34:56.994352
1885	Sit dolorem distinctio. Maiores minus numquam. Voluptate aliquam voluptatem. Sed iure porro. Ut et alias. Consequatur porro voluptatem. Provident vel itaque. Ea et suscipit. Ut inventore illo. Esse veritatis vol.	5	902	Ms. Dick Heathcote	2019-08-10 00:34:56.997354	2019-08-10 00:34:56.997354
1886	Est a quaerat. A et et. Quaerat et quibusdam. Nobis quia doloribus. Quibusdam deserunt ipsum. Sequi voluptatem sed. .	1	912	Darcey Lubowitz V	2019-08-10 00:34:57.000376	2019-08-10 00:34:57.000376
1887	Voluptas saepe ut. Alias sint ducimus. Iusto rem vel. Commodi illum dolor. Quam beatae blanditiis. Labore quidem dolore. Temporibus sunt et. Aliquam sun.	4	909	Xiomara Kilback I	2019-08-10 00:34:57.003231	2019-08-10 00:34:57.003231
1888	Eos iure omnis. Sit voluptatibus laboriosam. Nemo modi libero. Error nostrum eaque. Nam et ut. Molestias nihil laborum. Nobis qui et. Est laboriosam voluptas. Autem vel totam. Voluptatem consequatur et. Expedita suscipit animi. Vol.	3	928	Karyn Wunsch MD	2019-08-10 00:34:57.006375	2019-08-10 00:34:57.006375
1889	Et id corrupti. Laboriosam non rerum. Dolorum maxime iure. Quod et odit. Necessitatibus quasi blanditiis. Facilis qui laudantium. Est debitis min.	5	946	Cathern Brekke	2019-08-10 00:34:57.009065	2019-08-10 00:34:57.009065
1890	Et excepturi quibusdam. Repellendus dolorem nobis. Minima ratione qui. Eligendi rerum numquam. Eum eos quidem. Numquam odio iure. Error enim quo. Sed excepturi omnis. Alias cumque illo. Sit molestiae non. Libero tem.	2	923	Dewitt Corkery I	2019-08-10 00:34:57.011773	2019-08-10 00:34:57.011773
1891	Aut molestiae dolores. Laborum aut id. Omnis ut non. Consequatur asperiores voluptates. Ut atque corrupti. Et dolor impedit. Aut numquam vero. Sunt nobis atque. Suscipit eaque molestiae. Aperiam sint nisi. Veritatis laborum vel. Porro quia acc.	1	919	Guadalupe Jakubowski	2019-08-10 00:34:57.014487	2019-08-10 00:34:57.014487
1892	Eligendi nam veniam. Odio dolorem omnis. Voluptas odit ab. Ut facere eius. Sunt et dolorem. Eos officiis autem. Odit quia occaecati. Molestiae saepe corporis. Repellendus temporibus aut. Iure et quia. Est facili.	3	902	Len Zemlak	2019-08-10 00:34:57.01742	2019-08-10 00:34:57.01742
1894	Voluptatem placeat doloremque. Qui est aperiam. Eius perspiciatis quam. Neque eum aut. Nemo aliquid sapiente. Pariatur voluptatibus et. Omnis sit tenetur. Explicabo fugiat in. Impedit nihi.	1	949	Millard Koss	2019-08-10 00:34:57.022726	2019-08-10 00:34:57.022726
1895	Est labore occaecati. Quaerat mollitia sunt. Repellat autem est. Ipsa eaque sed. Veritatis reprehenderit saepe. Excepturi sint vero. Est quasi sint. Voluptatem delect.	2	909	Claude Kunde	2019-08-10 00:34:57.025432	2019-08-10 00:34:57.025432
1896	Omnis voluptate minima. Ut omnis placeat. Id assumenda incidunt. Veniam enim explicabo. Nihil recusandae quidem. Quis est voluptatem. Incidunt voluptatem ratione. Placeat ipsa et. Consectetur qui voluptas. Explicabo facere quasi. Tempora quia v.	1	943	Colby Adams	2019-08-10 00:34:57.028117	2019-08-10 00:34:57.028117
1897	Dolores id voluptatem. Sint nostrum architecto. Dolores consequuntur non. .	3	912	Yael Kassulke	2019-08-10 00:34:57.030526	2019-08-10 00:34:57.030526
1898	Temporibus soluta impedit. Quas et ratione. Esse omnis consequuntur. Quae natus fugit. Itaque quasi velit. Enim impedit ab. Excepturi voluptate laudantium..	1	946	Markus Kirlin	2019-08-10 00:34:57.033233	2019-08-10 00:34:57.033233
1899	Explicabo in ipsam. Est deleniti non. Est autem quia. Est velit iusto. Molestias tempora ducimus. Qui sint accusamus. Ab ut nostrum. Ut suscipit atque. Suscipit rem vel. Unde facere quia. Tempore .	4	949	Sigrid Muller	2019-08-10 00:34:57.035941	2019-08-10 00:34:57.035941
1900	Sequi ut nemo. Dolores ab asperiores. Autem aut consequatur. Repudiandae aliquid dolorum. Soluta at voluptas. Ab sunt tempo.	3	927	Sherri Wilderman	2019-08-10 00:34:57.038526	2019-08-10 00:34:57.038526
1901	Autem eos enim. Illum similique voluptatum. Hic qui veritatis. Temporibus laboriosam assumenda. Dolorum odio suscipit. Ut rerum harum. Eum saepe sed. Natus qui in. Quo autem cupiditate. Temp.	5	905	Leo O'Kon	2019-08-10 00:34:57.041179	2019-08-10 00:34:57.041179
1902	Quia corporis occaecati. Autem eum suscipit. Consequatur laborum iure. Cumque quisquam repellat. Ut numquam quia. Nobis rerum possimus. Dolore expedita reiciendis. Nobis nulla aperiam. Adi.	5	910	Davis Nolan	2019-08-10 00:34:57.044	2019-08-10 00:34:57.044
1903	Nostrum nisi enim. Fuga laboriosam optio. Quo ut impedit. Odio aperiam nostrum. Quis et at. Fuga expedita est. Qui dolores rem. Quam qui officiis. Po.	4	928	Mr. Demarcus Funk	2019-08-10 00:34:57.046626	2019-08-10 00:34:57.046626
1904	Aut commodi numquam. Cupiditate cum consectetur. Repellat amet distinctio. Possimus illum et. Quod in voluptas. Voluptas optio possimus. Aliquid et a. Illo et perspiciatis. Aperiam nesciunt explicabo. Fugit .	3	933	Numbers Hilpert	2019-08-10 00:34:57.049791	2019-08-10 00:34:57.049791
1905	Illo rerum magni. Reprehenderit aliquam repudiandae. Asperiores omnis cum. Quidem minus saepe. Quia vel laudantium. Tenetur ullam consequatur. Ipsum natus et. Est nisi in. Aut eligendi esse. Amet beat.	5	946	Celena Balistreri	2019-08-10 00:34:57.052595	2019-08-10 00:34:57.052595
1906	Voluptas qui velit. Reprehenderit sit laboriosam. Esse deserunt quis. Laboriosam sit dolorem. Soluta aut itaque. Doloribus voluptatem cupiditate. Exceptur.	1	905	Reynaldo Swaniawski	2019-08-10 00:34:57.055246	2019-08-10 00:34:57.055246
1907	Sint dignissimos eligendi. Eveniet veniam reprehenderit. Vel earum et. Odit eos et. Aperiam sit aut. Ut sit rerum. Omnis nihil eum. Voluptatem doloribus deserunt. In et optio. Adipisci necessitatibus recusandae. Ea omnis atque. Est expli.	2	935	Jack Bergstrom	2019-08-10 00:34:57.057933	2019-08-10 00:34:57.057933
1908	Facere nemo consequatur. Molestias amet qui. Quo dolorem.	2	925	Madelene Rau	2019-08-10 00:34:57.060436	2019-08-10 00:34:57.060436
1909	Dicta sed adipisci. Laboriosam non dolore. Dolorem nisi sit. Molestias aspernatur est. Dolor ut incidunt. Autem iste eni.	1	907	Herbert Harvey	2019-08-10 00:34:57.063084	2019-08-10 00:34:57.063084
1910	Architecto non qui. Sed deleniti sunt. Non minima molestiae. Maxime dolor dolores. Est accusantium et. Placeat impedit qui. Facilis ab itaque.	3	917	Rueben Steuber	2019-08-10 00:34:57.066036	2019-08-10 00:34:57.066036
1911	Molestiae dolores ut. Nesciunt sint est. Sunt et ipsam. Nemo repellat magni. Aut officia dolorum. Velit aut fugit. Ea nesciunt sit. Saepe ut enim. Quo dolor cupidi.	5	947	Tyrell Rice II	2019-08-10 00:34:57.069041	2019-08-10 00:34:57.069041
1912	Est error aut. Facilis ut qui. Maiores accusamus dolorem. Eligendi nisi asperiores. Aut quaerat eum. Omnis minima aliquid. Facilis q.	3	936	Rudolph Baumbach	2019-08-10 00:34:57.072022	2019-08-10 00:34:57.072022
1913	Qui eveniet illo. Qui minus quia. Sit eligendi vitae. Et reiciendis blanditiis. Ea repellat maiores. Non sed quaerat. Repellat quod dolores. Necessitatibus adipisc.	3	930	Timothy Flatley	2019-08-10 00:34:57.074702	2019-08-10 00:34:57.074702
1914	Quia alias eligendi. Provident culpa hic. Asperiores eos voluptates. Incidunt adipisci nesciunt. Ipsum rerum id. Aliquid ut aut. Ab exercitationem nemo. Qui corrupti adipisci. Officiis mollitia autem. V.	1	924	Dr. Johnathan Schinner	2019-08-10 00:34:57.077438	2019-08-10 00:34:57.077438
1915	Sint dolore numquam. Laboriosam et omnis. Non labore est. Blanditiis tempore eveniet. Dolorem numquam sint. Placeat voluptatum co.	5	928	Jada Mraz DDS	2019-08-10 00:34:57.080057	2019-08-10 00:34:57.080057
1916	Ipsa nostrum animi. Voluptatem deleniti autem. Maiores nisi quisquam. Unde consequatur officia. Nihil labore vitae. Adipisci est et. Facer.	1	929	Rod Miller	2019-08-10 00:34:57.082852	2019-08-10 00:34:57.082852
1917	Dolorem aperiam saepe. Sit pariatur omnis. Tempora illum ut. Libero officiis sed. Vel impedit ut. Sint quas.	3	950	Franklyn Pfannerstill	2019-08-10 00:34:57.085542	2019-08-10 00:34:57.085542
1918	Ad voluptates illum. Cumque est voluptas. Porro voluptatum ullam. Officiis voluptatem temporibus. Aut magnam dolorem. Recusand.	2	935	Miss Felix Wyman	2019-08-10 00:34:57.088141	2019-08-10 00:34:57.088141
1919	Nam neque eius. Ex quaerat expedita. At asperiores illo. Maiores dicta et. Aspernatur ea pariatur. Voluptas et recusandae. Natus molestiae est. Corporis illum qui. Ut laborum sed. Reprehenderit om.	4	946	Zack Murray	2019-08-10 00:34:57.090835	2019-08-10 00:34:57.090835
1920	Amet ut et. Similique unde ab. Ad dicta quibusdam. Vero qui aut. Assumenda optio ut. Et quaerat dolor.	3	915	Faviola Schmeler	2019-08-10 00:34:57.09341	2019-08-10 00:34:57.09341
1921	Veniam in totam. Qui dolorem culpa. Quae delectus repellat. Aliquam repudiandae optio. Beatae voluptatem rerum. Aut eum nam. Odit itaq.	4	942	Shani Ondricka PhD	2019-08-10 00:34:57.095992	2019-08-10 00:34:57.095992
1922	Quo inventore quas. At laborum vel. Minus quo perspiciatis. In harum voluptas. Corrupti reiciendis ducimus. Et et sed. Corrupti nihi.	1	918	Dr. Scottie Pfeffer	2019-08-10 00:34:57.098655	2019-08-10 00:34:57.098655
1923	Illum quisquam fuga. Quis ab fugit. Omnis dignissimos qui. Aut fugiat hic. Dolorem enim sit. F.	3	941	Bobbie Jerde	2019-08-10 00:34:57.101255	2019-08-10 00:34:57.101255
1924	Soluta odit sint. Aut quam sit. A accusamus amet. Esse iure nihil. Velit tenetur nulla. Corrupti blanditiis cum. .	2	927	Ewa Fritsch	2019-08-10 00:34:57.10375	2019-08-10 00:34:57.10375
1925	Aspernatur velit ipsum. Nostrum vero nihil. Earum voluptatem qui. Rerum maxime qui. Maiores aut voluptatibus. Asperiores et assumenda. Sint qui assumenda. Non eum mollitia. Eius pariatur qui. Eum architecto quia. Doloremque autem odio.	5	939	Walker Balistreri	2019-08-10 00:34:57.106459	2019-08-10 00:34:57.106459
1926	Id a iste. Et odio quod. Aut qui aliquam. Sunt nemo sint. Dolorem quo perferendis. Non accusantium sed. Dolores sed placeat. Vero qui est. Voluptate voluptatem consequa.	2	914	Jenniffer Lemke	2019-08-10 00:34:57.10896	2019-08-10 00:34:57.10896
1927	Impedit tempore et. Fugit nisi similique. Explicabo ab iste. Quo officiis blanditi.	4	925	Mika Volkman I	2019-08-10 00:34:57.111534	2019-08-10 00:34:57.111534
1928	Et quas quis. Et qui iste. Esse corporis rem. Corporis dolorem err.	2	925	Vanessa Larson	2019-08-10 00:34:57.114154	2019-08-10 00:34:57.114154
1929	Aliquid quia magni. Dolorem sint sit. Praesentium aut earum. Corrupti veniam dolorem. Illum nemo ad. Tempora culpa ea. Porro commodi rem. Enim et minus. Est suscipit quaerat. Fuga officiis magnam. Ullam recusan.	3	934	Ching Pfeffer	2019-08-10 00:34:57.117321	2019-08-10 00:34:57.117321
1930	Eum commodi eius. Et voluptatibus omnis. Dicta alias maxime. Omnis omnis magnam. Fugiat quibusdam voluptatem. Laboriosam dolore ut. Alias eum ipsum. Ut .	4	945	Delta Feeney MD	2019-08-10 00:34:57.120452	2019-08-10 00:34:57.120452
1931	Temporibus officia unde. Qui necessitatibus facere. Quia totam iusto. Ut quis voluptas. Sed ex commodi. Rem molestias possimus. Est voluptatem voluptatum. Neque deserunt quo. Dolores incidunt ipsum. Deserunt ea maxime. Id a.	3	926	Arline Hackett II	2019-08-10 00:34:57.12344	2019-08-10 00:34:57.12344
1932	Nulla qui tenetur. Ut ea voluptatem. Et voluptatem consectetur. Et sed maxime. Nemo quaerat consectetur. Ducimus ea beatae. Ducimus cumque optio. Ipsum aperiam non. Acc.	1	917	Pasquale Borer	2019-08-10 00:34:57.126223	2019-08-10 00:34:57.126223
1933	Amet doloremque pariatur. Iusto deserunt voluptas. Nisi dolor.	1	904	Mrs. Jennefer Kuhn	2019-08-10 00:34:57.128788	2019-08-10 00:34:57.128788
1934	Esse doloribus fugiat. Quis quasi voluptas. In minima rerum. Ad accusamus ipsam. Blanditiis mollitia quasi. Et qui nihil. Sit magnam ut. Velit est hic. Sit et eum. Ut dolores nobis. Sed facere nesciunt. N.	3	940	Sigrid Murray	2019-08-10 00:34:57.13164	2019-08-10 00:34:57.13164
1935	Quia quibusdam totam. Fugit similique velit. Quia provident sunt. Error lab.	5	910	Miss Crystal Ratke	2019-08-10 00:34:57.134403	2019-08-10 00:34:57.134403
1936	Temporibus inventore vitae. Est ratione enim. Nisi illo earum. Dolore sunt consequatur. Corporis quod quia. Recusandae aut iusto. Nemo velit provident. Dolor enim quis. .	3	923	Mrs. Ashleigh Wiegand	2019-08-10 00:34:57.137167	2019-08-10 00:34:57.137167
1937	Aut accusantium harum. Saepe illum eum. Ex nisi dolores. Aut nisi qui. Voluptas non quibusdam. Culpa nesciunt perferendis. Quia nulla in. Asperiores dolorum .	3	920	Daina Streich	2019-08-10 00:34:57.139814	2019-08-10 00:34:57.139814
1938	Magni eveniet dolorem. Velit explicabo suscipit. Illum qui ducimus. Et iure tempore. Itaque in qui. Voluptate omnis quisquam. Placeat et modi. Ab quidem doloremque. R.	5	936	Birdie Lindgren	2019-08-10 00:34:57.142665	2019-08-10 00:34:57.142665
1939	Eum in voluptatem. Nostrum vitae doloremque. Nulla consequatur deleniti. Repellat qui asperiores. Ab velit sit. Laudantium laborios.	4	905	Derick Johns	2019-08-10 00:34:57.145311	2019-08-10 00:34:57.145311
1940	Quo quas eos. Libero repudiandae voluptas. Incidunt provident animi. Minima et aliquid. Ut nesciunt molestias. Et accusamus ea. Quis non fuga. Atque sed beatae. Amet incidunt ducimus. Cum omnis .	4	906	Maricruz Rogahn	2019-08-10 00:34:57.148182	2019-08-10 00:34:57.148182
1941	Numquam qui molestias. Dolores voluptas tempore. Eligendi labore sit. Quae numquam molestias. Veritatis aut quis. Quibusdam molestiae facilis. Consequatur molestias ad. Corrupti itaque quis. Odit aut cupiditate. Excep.	4	916	Jasper Bode	2019-08-10 00:34:57.151248	2019-08-10 00:34:57.151248
1942	In saepe est. Unde dolorum labore. Voluptates magnam dolorem. Quos culpa officiis. Et non sapiente. Nostrum vitae officiis. Eligendi omnis molestiae. Omnis eius nihil. Beatae est quibusdam. Perspiciatis sunt molestiae. Et inventore deserunt. Reru.	5	946	Blaine Hettinger	2019-08-10 00:34:57.165575	2019-08-10 00:34:57.165575
1943	Omnis suscipit ab. Pariatur nesciunt voluptate. Est ea dig.	1	943	Sueann Cormier	2019-08-10 00:34:57.168924	2019-08-10 00:34:57.168924
1944	Et eos esse. Qui quia in. Non sit quia. Praesentium ea voluptatem. Corrupti rerum dolore. Accusamus aut veniam. Provident est non. Molestias sed ullam. Ipsum in dicta. P.	5	902	Ellsworth Tremblay	2019-08-10 00:34:57.172138	2019-08-10 00:34:57.172138
1945	Atque possimus nam. Quisquam impedit et. Amet ducimus voluptates. Ipsum praesentium id. Itaque rerum quia. Neque eos ad. Fugiat voluptates omnis. Esse porro odio. Rerum et praesentium. Alias animi culpa. Maxime et ducimus.	2	934	Colby Dibbert	2019-08-10 00:34:57.175297	2019-08-10 00:34:57.175297
1946	Illo quis voluptatem. Omnis debitis est. Neque quas consequatur. Commodi ullam sint. Quae rem labore. Sint dolorum voluptas. Molestias dolorem aut. E.	1	903	Clemencia Brakus	2019-08-10 00:34:57.178203	2019-08-10 00:34:57.178203
1947	Velit numquam quo. Soluta voluptatum et. Ea quos labore. Modi odit molestiae. Voluptatem est explicabo. Ut ipsa commodi. Et et fugit. Vitae autem perferendis. Est consequatur cum. Recusandae ad sit. Facilis ex explicabo. Deleniti magni c.	3	937	Merna Kuhlman	2019-08-10 00:34:57.181242	2019-08-10 00:34:57.181242
1948	Sint qui quasi. Sed numquam doloribus. Nesciunt occaecati cum. Beatae occaecati corporis. Corrupti modi est. Aut explicabo fugit. Ratione a qui. Voluptate unde et. Eos in.	3	940	Cary Grant	2019-08-10 00:34:57.184347	2019-08-10 00:34:57.184347
1949	Reprehenderit velit asperiores. Deserunt beatae ad. Nostrum tenetur earum. Similique tempora et. .	3	939	Russel Braun	2019-08-10 00:34:57.187326	2019-08-10 00:34:57.187326
1950	Possimus aliquid quo. Asperiores ipsa et. Asperiores quibusdam voluptas. Harum repudiandae voluptates. Minima voluptatem tota.	5	908	Leandro Hilll	2019-08-10 00:34:57.190244	2019-08-10 00:34:57.190244
1951	Occaecati qui dolores. Enim quia voluptate. Hic delectus quaerat.	3	927	Tanner Langworth	2019-08-10 00:34:57.192971	2019-08-10 00:34:57.192971
1952	Quo labore sit. Sint quam impedit. Delectus hic harum. Fuga dolor sapiente. Architecto ut placeat. Est perspiciatis alias. Id voluptate suscipit. Necessitatibus commodi deleni.	4	911	Sage Denesik	2019-08-10 00:34:57.195591	2019-08-10 00:34:57.195591
1953	Accusantium rerum et. Nostrum iste est. Harum ratione qui. Consequatur porro animi. Eum at et. Soluta maiores ipsum. E.	1	928	Terry Mayert III	2019-08-10 00:34:57.198171	2019-08-10 00:34:57.198171
1954	Commodi facilis aut. Sint dolores qui. Hic ea sunt. Accusamus nihil delectus. Itaque maiores repellendus. Doloribus qui vel. Minima ut distinctio. Ut aut saepe. Sint aut corporis. Quia qui rem. Vel nisi aut. Qui au.	3	931	Dr. Rozella Johnson	2019-08-10 00:34:57.200879	2019-08-10 00:34:57.200879
1955	Numquam sequi consequatur. Nemo voluptatibus sit. Omnis voluptas saep.	4	908	Sonja Hahn	2019-08-10 00:34:57.203358	2019-08-10 00:34:57.203358
1956	Ut qui officia. Perspiciatis non voluptas. Dignissimos expedita voluptas. Sed aperiam ipsa. Culpa maiores totam. Quis natus itaque. Repellat optio nihi.	2	945	Missy Reinger	2019-08-10 00:34:57.206017	2019-08-10 00:34:57.206017
1957	Ea corporis animi. Dolores temporibus corporis. Corrupti aspernatur incidunt. Aut pariatur minima. Soluta cum voluptas. Nulla ad reprehenderit. Aut ipsa ratione. Est non recusandae. T.	3	912	Omar Hermiston	2019-08-10 00:34:57.208821	2019-08-10 00:34:57.208821
1958	Omnis dolorum sed. Inventore aperiam totam. Reprehenderit et vel. Possimus voluptas et. Ad corrupti iure. Quis amet voluptate. Voluptatem reprehenderit ad. Mollitia autem id. Harum et enim. Vero nobis vo.	5	914	Velma Dooley	2019-08-10 00:34:57.212014	2019-08-10 00:34:57.212014
1959	Qui corrupti neque. Fugiat ea ut. Corrupti possimus sit. Rerum et repellendus. Praesentium sit eos. Nesciunt voluptatum non. Saepe.	3	910	Elba Dicki	2019-08-10 00:34:57.21467	2019-08-10 00:34:57.21467
1960	Facilis nesciunt dignissimos. Et veritatis itaque. In est similique. Ut eum est. Amet asperiores perferendis. Qui est eius. Mollitia aut occaecati. Tempora natus nobis. De.	5	930	Donita Kuhic	2019-08-10 00:34:57.217519	2019-08-10 00:34:57.217519
1997	Aut voluptatum ut. Deleniti dolorem expedita. Quas quia accusamus. Nihil consequ.	1	905	Dr. Shannan Morar	2019-08-10 00:34:57.317171	2019-08-10 00:34:57.317171
1961	Animi non voluptatum. Aperiam et est. Ut a at. Eum hic et. Qui similique dicta. Vel laudantium neque. Qui vel aut. Dicta occaecati laboriosam. Iure tenetur dolores. Quae sint aut. Omnis ex et. Aut eaque saepe. Ut r.	1	931	Rhoda Carroll	2019-08-10 00:34:57.22053	2019-08-10 00:34:57.22053
1962	Odio aliquam dicta. Cumque consequatur quaerat. Deserunt dolores vel. Quam quis ut. Consequatur velit et. Perferendi.	4	929	Dr. Alica Jones	2019-08-10 00:34:57.22306	2019-08-10 00:34:57.22306
1963	Facilis architecto dolore. Qui quam et. Voluptatem qui dolores. Consectetur nobis maiores. Et libero totam. Et qui sit. Doloribus ut debitis. Itaque qui architecto. Aliquid labore nesciunt. Deserunt aspernatur q.	2	931	Alaina Turcotte II	2019-08-10 00:34:57.225775	2019-08-10 00:34:57.225775
1964	Et eos impedit. Aut optio ea. Qui assumenda quas. Voluptatem quaerat veritatis. Id corrupti odit. Explicabo facere perspiciatis. Cum est blanditiis. Explicabo consequuntur et. Unde corrupti qui. Suscipit voluptatem cum. Dolores vel laudantiu.	2	923	Valentine Pacocha	2019-08-10 00:34:57.228339	2019-08-10 00:34:57.228339
1965	Laborum illo minus. Et debitis excepturi. Reprehenderit modi sed. N.	1	938	Opal Bartell	2019-08-10 00:34:57.230885	2019-08-10 00:34:57.230885
1966	Enim eos incidunt. Sit consequatur qui. Fuga rerum aut. Sunt quo ipsa. Dignissimos ab laborum. Labore laudantium quis. Praesentium tenetur et. Autem quod qui. Ut d.	2	937	Sylvester Heathcote Jr.	2019-08-10 00:34:57.233552	2019-08-10 00:34:57.233552
1967	Temporibus velit veniam. Corporis officiis voluptatem. Minima illo facere. Facilis cumque magni. Ab voluptatibus qui. Deserunt accusamus dolore. Occaecati illo est. Ut vitae .	4	907	Gale Russel II	2019-08-10 00:34:57.236329	2019-08-10 00:34:57.236329
1968	Quia qui et. Ut occaecati soluta. Accusantium facilis sint. Dolor impedit pariatur. Et sit libero. Quaera.	2	929	Elvin Crooks	2019-08-10 00:34:57.238958	2019-08-10 00:34:57.238958
1969	Velit unde quam. Cumque voluptatem est. Odio quam asperiores. Ve.	5	948	Kristin Roob	2019-08-10 00:34:57.2415	2019-08-10 00:34:57.2415
1970	Accusamus facilis et. Iste quae cum. Pariatur repellendus ea. Minus error libero. Nulla est cum. Sed temporibus commod.	4	941	Dr. Jovan Leffler	2019-08-10 00:34:57.243918	2019-08-10 00:34:57.243918
1971	Voluptas qui enim. Et aut odit. Possimus sunt facere. Et qui at. Rerum architecto ipsam. Eligendi voluptatem.	1	908	Travis West	2019-08-10 00:34:57.246462	2019-08-10 00:34:57.246462
1972	Sit eos sit. Aut deserunt placeat. Labore maiores is.	1	933	Mr. Bill Wilkinson	2019-08-10 00:34:57.249014	2019-08-10 00:34:57.249014
1973	Incidunt quia molestias. Sed explicabo iure. Magni laborum voluptate. Vero sit explicabo. Minima aperiam at. Repellat explicab.	3	936	Coralee Wiza	2019-08-10 00:34:57.251916	2019-08-10 00:34:57.251916
1974	Id et quia. Ipsam omnis et. Iure sed veritatis. Ipsum ut porro. Rer.	2	909	Miss Sammie Gottlieb	2019-08-10 00:34:57.254395	2019-08-10 00:34:57.254395
1975	Similique eius sit. Aperiam ut non. Fugit ut sit. Voluptas dolorem magnam. Porro molestias fugiat. Est doloribus .	3	908	Lavern Bernier	2019-08-10 00:34:57.257038	2019-08-10 00:34:57.257038
1976	Unde cupiditate ut. Recusandae unde saepe. Ducimus ad officia. Re.	1	940	Yvette Gusikowski	2019-08-10 00:34:57.259684	2019-08-10 00:34:57.259684
1977	In ut ullam. Voluptates velit quo. Asperiores vel eius. Doloribus quo dolore.	5	935	Audrey Waters	2019-08-10 00:34:57.262224	2019-08-10 00:34:57.262224
1978	Omnis ipsa quisquam. Deleniti et quisquam. Quia deserunt exercitationem. Et illum maiores. Ut in cum. Qui at nemo. Illo quia harum. Eligendi .	4	929	Patti Nikolaus	2019-08-10 00:34:57.264881	2019-08-10 00:34:57.264881
1979	Rerum nobis et. Et et aut. Debitis suscipit recusandae. Architecto cumque aliquam. Ipsum voluptate assumenda. Aut eligendi iure..	2	908	Lillian Hickle	2019-08-10 00:34:57.267528	2019-08-10 00:34:57.267528
1980	Magnam autem hic. Et temporibus sed. Expedita magnam molestiae. Sequi molestiae et. Culpa quis neque. Dolorem harum debitis. Sint et maxime. Mollitia quia suscipit. Sit veritatis unde. Dolore ratione distinctio. Quis .	5	923	Randal Collier	2019-08-10 00:34:57.270358	2019-08-10 00:34:57.270358
1981	Doloribus culpa consequuntur. Ab omnis dolore. Minima a magni. Quia sit nulla. Suscipit repellendus quibusdam. Itaque iste laudantium. Officiis e.	2	904	Rod McCullough	2019-08-10 00:34:57.273024	2019-08-10 00:34:57.273024
1982	Corrupti beatae voluptatum. Qui eius in. Quisquam tempora distinctio. Sed aspernatur quia. Vel eaque ut. Vitae delectus enim. Ut adipisci eveniet. Eaque autem v.	3	903	Riva Gutkowski DDS	2019-08-10 00:34:57.27551	2019-08-10 00:34:57.27551
1983	Sit ratione quaerat. Aut assumenda enim. Et velit accusamus. Officiis aut commodi. Mollitia temporibus est. Soluta impedit illum. Corporis velit id. Voluptatibus perspiciatis velit..	1	917	Kristel Hackett	2019-08-10 00:34:57.278123	2019-08-10 00:34:57.278123
1984	Laborum quo odit. Ea omnis qui. Tempora hic nihil. Qui quo soluta. Quis eaque ab. Fugiat temporibus autem. Exercitationem et a. Qui atque quia. Odio eos eius. Impedit autem illum. Cum quo dolores. Harum animi quam. Reprehenderit natu.	1	929	Claud Lakin	2019-08-10 00:34:57.280735	2019-08-10 00:34:57.280735
1985	Sed nihil beatae. Illo distinctio est. Aut officiis debitis. Dolores debitis aut. Similique quasi id. Sunt perspiciatis sequi. Voluptatem natus ex. Laboriosam.	3	912	Tory Stark	2019-08-10 00:34:57.283639	2019-08-10 00:34:57.283639
1986	Temporibus officiis consequatur. Saepe deleniti voluptas. In tempora quisquam. Accusamus delectus dignissimos. Aspernatur in quaerat. Voluptatem accusamus quo. Voluptatem suscipit quidem. Cum voluptate sint. Rerum dolor quia. Rerum non dese.	4	915	Sol Shanahan	2019-08-10 00:34:57.286393	2019-08-10 00:34:57.286393
1987	Est quasi eum. Amet at provident. Sit placeat a. Aut et non. Beatae.	5	940	Elfrieda Johnson	2019-08-10 00:34:57.288915	2019-08-10 00:34:57.288915
1988	Debitis inventore voluptate. Dolore asperiores aut. Tempora repudiandae deleniti. Quisquam tempora inventore. Ad quam animi. Repudiandae molestias dolores. Non aut nobis. Ab qui .	2	934	Miss Son Klocko	2019-08-10 00:34:57.2914	2019-08-10 00:34:57.2914
1989	Unde molestiae nulla. Aliquid iure tempore. Fugit delectus.	5	926	Cris D'Amore	2019-08-10 00:34:57.294006	2019-08-10 00:34:57.294006
1990	Est est ipsa. Pariatur molestiae officia. Adipisci qui blanditiis. Libero ut voluptatem. Qui unde atque. Est aperiam ac.	2	946	Antonio Walker II	2019-08-10 00:34:57.296802	2019-08-10 00:34:57.296802
1991	Non culpa non. Sint nam velit. Quia totam ratione. Aut sunt porro. Placeat ad quis. Ut aut perferendis. Conse.	5	948	Richard Schoen	2019-08-10 00:34:57.299742	2019-08-10 00:34:57.299742
1992	Aperiam dignissimos architecto. Corporis animi nemo. Ullam vel quas. Error .	2	906	Gala O'Keefe	2019-08-10 00:34:57.302514	2019-08-10 00:34:57.302514
1993	Aliquid libero rerum. Dolores porro voluptatem. Modi praesentium reiciendis. Nulla praesentium quia. Similique ut ad. Consequuntur quia aut. Numquam qua.	3	925	Mr. Joseph Jacobi	2019-08-10 00:34:57.305441	2019-08-10 00:34:57.305441
1994	Quia repellat voluptatibus. Libero illo omnis. Molestias vel cumque. Non quasi veritatis. Animi quibusdam eum. Praesentium ex assumenda. Labore itaque doloribus. Sit qui aut. Est ipsum repellat. Reiciendis itaque in. Rerum est.	5	932	Crissy Pacocha	2019-08-10 00:34:57.308537	2019-08-10 00:34:57.308537
1995	Nihil et et. Deserunt sed dolores. Dolor voluptatem ut. Quo asperiores voluptatibus. Enim esse voluptatem. In molestiae voluptatem. Rem veritatis cupiditate. Consequatur nemo porro. Molestiae aut necessi.	2	934	Branda Veum	2019-08-10 00:34:57.311396	2019-08-10 00:34:57.311396
1996	Dolor mollitia architecto. Ut ad eum. Fugiat ut quasi. Autem ex voluptatum. Non quis quia. Similique quas rem. Ut quae non. Saepe voluptates eius. Occaecati molestiae facere. Non voluptas voluptatibus. Saepe ut inventore. Neque reprehenderit est. .	2	942	Tyler Effertz	2019-08-10 00:34:57.314294	2019-08-10 00:34:57.314294
1998	Consequuntur sequi voluptates. Odio blanditiis non. Et consectet.	5	937	Bert Braun V	2019-08-10 00:34:57.319753	2019-08-10 00:34:57.319753
1999	Laudantium ducimus blanditiis. Tempore nihil suscipit. Earum praesentium occaecati. Nobis cumque velit. Corporis doloremque iure. Aut dicta doloribus. Illum nam quisquam. Iste ipsa ipsam. Ducimus i.	1	944	Emely Treutel	2019-08-10 00:34:57.322348	2019-08-10 00:34:57.322348
2000	Mollitia eaque laboriosam. Rem sint minus. Est quia nam. Aut nam error. Velit vero aut. Veritatis labore et. Nihil assumenda quia. Nobis repellendus et. Dignissimos excepturi et. Occaecati est id. Provident omnis.	4	915	Walton Ondricka	2019-08-10 00:34:57.324896	2019-08-10 00:34:57.324896
\.


--
-- Data for Name: schema_migrations; Type: TABLE DATA; Schema: public; Owner: taebum
--

COPY public.schema_migrations (version) FROM stdin;
20190809154825
20190809160730
20190809162839
20190809163001
20190809181537
20190809181734
20190810002246
20190810002306
\.


--
-- Name: products_id_seq; Type: SEQUENCE SET; Schema: public; Owner: taebum
--

SELECT pg_catalog.setval('public.products_id_seq', 951, true);


--
-- Name: reviews_id_seq; Type: SEQUENCE SET; Schema: public; Owner: taebum
--

SELECT pg_catalog.setval('public.reviews_id_seq', 2000, true);


--
-- Name: ar_internal_metadata ar_internal_metadata_pkey; Type: CONSTRAINT; Schema: public; Owner: taebum
--

ALTER TABLE ONLY public.ar_internal_metadata
    ADD CONSTRAINT ar_internal_metadata_pkey PRIMARY KEY (key);


--
-- Name: products products_pkey; Type: CONSTRAINT; Schema: public; Owner: taebum
--

ALTER TABLE ONLY public.products
    ADD CONSTRAINT products_pkey PRIMARY KEY (id);


--
-- Name: reviews reviews_pkey; Type: CONSTRAINT; Schema: public; Owner: taebum
--

ALTER TABLE ONLY public.reviews
    ADD CONSTRAINT reviews_pkey PRIMARY KEY (id);


--
-- Name: schema_migrations schema_migrations_pkey; Type: CONSTRAINT; Schema: public; Owner: taebum
--

ALTER TABLE ONLY public.schema_migrations
    ADD CONSTRAINT schema_migrations_pkey PRIMARY KEY (version);


--
-- Name: reviews fk_rails_bedd9094d4; Type: FK CONSTRAINT; Schema: public; Owner: taebum
--

ALTER TABLE ONLY public.reviews
    ADD CONSTRAINT fk_rails_bedd9094d4 FOREIGN KEY (product_id) REFERENCES public.products(id);


--
-- PostgreSQL database dump complete
--

